H_um,p_inlet_Pa,Nx,Ny,dt,n_passos,nm_membrana,np_rede,w_centro_max_m,w_centro_final_m,w_max_m,p_outlet_max_Pa,p_outlet_final_Pa,q_outlet_max_abs_m3s,q_outlet_final_m3s,volume_final_m3,potencia_max_abs_W,potencia_final_W,tempo_execucao_s
1000,5000.0,51,51,0.00625,1921,2601,224,6.198732880517474e-05,3.958518738425738e-05,6.198732880517474e-05,5847.321610153213,4994.949977644524,1.149500430023078e-05,3.690155737382303e-08,3.987094312091139e-10,0.0574750215011539,0.00018450778686911515,25.619252262000373
1000,5000.0,51,51,0.0125,961,2601,224,6.0938732077334393e-05,3.973480120662378e-05,6.0938732077334393e-05,5791.488441987584,4997.791917386603,1.1411407212219072e-05,1.6134916146709063e-08,3.981868780492188e-10,0.057057036061095356,8.067458073354531e-05,12.01028693399985
1000,5000.0,51,51,0.025,481,2601,224,5.9318116417174095e-05,3.979789711411715e-05,5.9318116417174095e-05,5706.001069391314,4999.134941483289,1.1242994583950029e-05,6.3211614201316845e-09,3.979380403309462e-10,0.056214972919750146,3.160580710065842e-05,5.581562709999162
1000,5000.0,51,51,0.05,241,2601,224,5.6920765291661724e-05,3.9797583590652446e-05,5.6920765291661724e-05,5586.096470768615,4999.633346071911,1.092031009118442e-05,2.6792160522634037e-09,3.978710521453791e-10,0.0546015504559221,1.3396080261317019e-05,2.9404646720004166
1000,5000.0,101,101,0.00625,1921,10201,224,6.156766276905527e-05,3.92693139384444e-05,6.156766276905527e-05,5848.400735195899,4998.764480058227,1.1406672296302966e-05,9.028199643159087e-09,3.930925592414207e-10,0.057033361481514826,4.5140998215795435e-05,105.33473268699981
1000,5000.0,101,101,0.0125,961,10201,224,6.058259105310219e-05,3.943027756677937e-05,6.058259105310219e-05,5791.632397561982,4998.936633996634,1.1323193242027386e-05,7.770235220665576e-09,3.925320750027603e-10,0.056615966210136925,3.8851176103327875e-05,51.09995067999989
1000,5000.0,101,101,0.025,481,10201,224,5.899593542357383e-05,3.950443009639714e-05,5.899593542357383e-05,5706.042251511405,4999.284967262161,1.1155358658885027e-05,5.224892037614841e-09,3.922647538568016e-10,0.055776793294425135,2.6124460188074207e-05,26.661231283000234
1000,5000.0,101,101,0.05,241,10201,224,5.663773501050535e-05,3.950579283610199e-05,5.663773501050535e-05,5585.086316983615,4999.638257934441,1.0834529428765178e-05,2.6433240622444084e-09,3.921864540463346e-10,0.05417264714382589,1.3216620311222042e-05,14.851228282000193
1000,10000.0,51,51,0.00625,1921,2601,224,0.00012397465761034948,7.917037476851475e-05,0.00012397465761034948,11694.643220306427,9989.899955289047,2.299000860046156e-05,7.380311474764606e-08,7.974188624182278e-10,0.2299000860046156,0.0007380311474764606,18.486526910000066
1000,10000.0,51,51,0.0125,961,2601,224,0.00012187746415466879,7.946960241324756e-05,0.00012187746415466879,11582.976883975169,9995.583834773206,2.2822814424438143e-05,3.2269832293418125e-08,7.963737560984376e-10,0.22822814424438143,0.00032269832293418125,9.487693840000247
1000,10000.0,51,51,0.025,481,2601,224,0.00011863623283434819,7.95957942282343e-05,0.00011863623283434819,11412.002138782627,9998.269882966579,2.2485989167900058e-05,1.2642322840263369e-08,7.958760806618924e-10,0.22485989167900058,0.00012642322840263369,5.033978800999648
1000,10000.0,51,51,0.05,241,2601,224,0.00011384153058332345,7.959516718130489e-05,0.00011384153058332345,11172.19294153723,9999.266692143821,2.184062018236884e-05,5.3584321045268074e-09,7.957421042907582e-10,0.2184062018236884,5.3584321045268075e-05,2.772013376999894
1000,10000.0,101,101,0.00625,1921,10201,224,0.00012313532553811054,7.85386278768888e-05,0.00012313532553811054,11696.801470391798,9997.528960116453,2.281334459260593e-05,1.8056399286318174e-08,7.861851184828414e-10,0.2281334459260593,0.00018056399286318174,99.86995577200014
1000,10000.0,101,101,0.0125,961,10201,224,0.00012116518210620438,7.886055513355874e-05,0.00012116518210620438,11583.264795123963,9997.873267993267,2.264638648405477e-05,1.554047044133115e-08,7.850641500055206e-10,0.2264638648405477,0.0001554047044133115,51.948278269000184
1000,10000.0,101,101,0.025,481,10201,224,0.00011799187084714766,7.900886019279429e-05,0.00011799187084714766,11412.08450302281,9998.569934524323,2.2310717317770054e-05,1.0449784075229683e-08,7.845295077136032e-10,0.22310717317770054,0.00010449784075229683,26.854639782999584
1000,10000.0,101,101,0.05,241,10201,224,0.0001132754700210107,7.901158567220398e-05,0.0001132754700210107,11170.17263396723,9999.276515868882,2.1669058857530356e-05,5.286648124488817e-09,7.843729080926693e-10,0.21669058857530357,5.286648124488817e-05,14.542544193999674
1000,20000.0,51,51,0.00625,1921,2601,224,0.00024794931522069896,0.0001583407495370295,0.00024794931522069896,23389.286440612854,19979.799910578095,4.598001720092312e-05,1.4760622949529213e-07,1.5948377248364556e-09,0.9196003440184624,0.0029521245899058425,18.690653745999953
1000,20000.0,51,51,0.0125,961,2601,224,0.00024375492830933757,0.00015893920482649512,0.00024375492830933757,23165.953767950337,19991.167669546412,4.5645628848876286e-05,6.453966458683625e-08,1.5927475121968753e-09,0.9129125769775257,0.001290793291736725,9.5734745510008
1000,20000.0,51,51,0.025,481,2601,224,0.00023727246566869638,0.0001591915884564686,0.00023727246566869638,22824.004277565255,19996.539765933157,4.4971978335800116e-05,2.5284645680526738e-08,1.5917521613237848e-09,0.8994395667160023,0.0005056929136105347,5.084354317999896
1000,20000.0,51,51,0.05,241,2601,224,0.0002276830611666469,0.00015919033436260978,0.0002276830611666469,22344.38588307446,19998.533384287643,4.368124036473768e-05,1.0716864209053615e-08,1.5914842085815165e-09,0.8736248072947536,0.0002143372841810723,2.7914875149999716
1000,20000.0,101,101,0.00625,1921,10201,224,0.0002462706510762211,0.0001570772557537776,0.0002462706510762211,23393.602940783596,19995.057920232906,4.562668918521186e-05,3.611279857263635e-08,1.5723702369656828e-09,0.9125337837042372,0.000722255971452727,100.41940953999983
1000,20000.0,101,101,0.0125,961,10201,224,0.00024233036421240876,0.00015772111026711748,0.00024233036421240876,23166.529590247927,19995.746535986535,4.529277296810954e-05,3.10809408826623e-08,1.5701283000110411e-09,0.9058554593621908,0.000621618817653246,51.1824876540004
1000,20000.0,101,101,0.025,481,10201,224,0.00023598374169429533,0.00015801772038558857,0.00023598374169429533,22824.16900604562,19997.139869048646,4.462143463554011e-05,2.0899568150459366e-08,1.5690590154272063e-09,0.8924286927108022,0.0004179913630091873,26.631806643000346
1000,20000.0,101,101,0.05,241,10201,224,0.0002265509400420214,0.00015802317134440796,0.0002265509400420214,22340.34526793446,19998.553031737763,4.333811771506071e-05,1.0573296248977634e-08,1.5687458161853385e-09,0.8667623543012143,0.00021146592497955268,14.497600098000476
1250,5000.0,51,51,0.00625,1921,2601,224,7.335183634782113e-05,4.055030375469623e-05,7.335183634782113e-05,5607.440005623466,4998.976127211006,1.3759974325506485e-05,1.826574740435247e-08,4.1025713737720427e-10,0.06879987162753243,9.132873702176235e-05,18.49771565300034
1250,5000.0,51,51,0.0125,961,2601,224,7.216875526600342e-05,4.065808919437338e-05,7.216875526600342e-05,5574.212835475752,4999.816452111965,1.3648334027259042e-05,3.2744686534940686e-09,4.072216393019174e-10,0.06824167013629522,1.637234326747034e-05,9.6066373929998
1250,5000.0,51,51,0.025,481,2601,224,7.012745756026096e-05,4.046030288390481e-05,7.012745756026096e-05,5520.6331938560925,4999.05794486976,1.3428389919100354e-05,1.6806131812491596e-08,4.0376265240422803e-10,0.06714194959550177,8.403065906245798e-05,5.031950403000337
1250,5000.0,51,51,0.05,241,2601,224,6.68185443201369e-05,4.0085218273162836e-05,6.68185443201369e-05,5439.920119005729,4998.137282544241,1.300173339983963e-05,3.323061898605976e-08,4.003376473386428e-10,0.06500866699919815,0.0001661530949302988,2.782616237000184
1250,5000.0,101,101,0.00625,1921,10201,224,7.278607230593688e-05,4.023383623476503e-05,7.278607230593688e-05,5604.424037657142,5004.990886573614,1.3633324755387236e-05,-8.903671874360402e-08,4.0464724165172785e-10,0.06816662377693618,-0.0004451835937180201,100.0466728020001
1250,5000.0,101,101,0.0125,961,10201,224,7.166105651791866e-05,4.0354557244681016e-05,7.166105651791866e-05,5570.8945536349265,5003.227140979392,1.3522211382123138e-05,-5.7571743922029544e-08,4.015790388414747e-10,0.0676110569106157,-0.0002878587196101477,51.344746378999844
1250,5000.0,101,101,0.025,481,10201,224,6.966222003832115e-05,4.0173034024766975e-05,6.966222003832115e-05,5517.495762999058,5000.836161453765,1.3303323362145147e-05,-1.4917003446202436e-08,3.9813440801256576e-10,0.06651661681072574,-7.458501723101218e-05,26.755558197000028
1250,5000.0,101,101,0.05,241,10201,224,6.639052288560628e-05,3.980236527136193e-05,6.639052288560628e-05,5437.242276827286,4998.882014156566,1.2878751095883876e-05,1.9944711141777888e-08,3.947228325367628e-10,0.06439375547941938,9.972355570888943e-05,14.503215354000531
1250,10000.0,51,51,0.00625,1921,2601,224,0.00014670367269564225,8.110060750939246e-05,0.00014670367269564225,11214.880011246933,9997.952254422013,2.751994865101297e-05,3.653149480870494e-08,8.205142747544085e-10,0.2751994865101297,0.0003653149480870494,18.56190999499995
1250,10000.0,51,51,0.0125,961,2601,224,0.00014433751053200683,8.131617838874676e-05,0.00014433751053200683,11148.425670951505,9999.63290422393,2.7296668054518085e-05,6.548937306988137e-09,8.144432786038348e-10,0.27296668054518086,6.548937306988137e-05,9.735341586999311
1250,10000.0,51,51,0.025,481,2601,224,0.00014025491512052192,8.092060576780962e-05,0.00014025491512052192,11041.266387712185,9998.11588973952,2.6856779838200707e-05,3.361226362498319e-08,8.075253048084561e-10,0.26856779838200706,0.0003361226362498319,5.112774973000342
1250,10000.0,51,51,0.05,241,2601,224,0.0001336370886402738,8.017043654632567e-05,0.0001336370886402738,10879.840238011458,9996.274565088483,2.600346679967926e-05,6.646123797211952e-08,8.006752946772856e-10,0.2600346679967926,0.0006646123797211952,2.791425094999795
1250,10000.0,101,101,0.00625,1921,10201,224,0.00014557214461187375,8.046767246953005e-05,0.00014557214461187375,11208.848075314285,10009.981773147229,2.7266649510774472e-05,-1.7807343748720804e-07,8.092944833034557e-10,0.2726664951077447,-0.0017807343748720804,100.77836559499974
1250,10000.0,101,101,0.0125,961,10201,224,0.00014332211303583732,8.070911448936203e-05,0.00014332211303583732,11141.789107269853,10006.454281958784,2.7044422764246276e-05,-1.1514348784405909e-07,8.031580776829494e-10,0.2704442276424628,-0.001151434878440591,53.21665472299992
1250,10000.0,101,101,0.025,481,10201,224,0.0001393244400766423,8.034606804953395e-05,0.0001393244400766423,11034.991525998115,10001.67232290753,2.6606646724290293e-05,-2.983400689240487e-08,7.962688160251315e-10,0.26606646724290295,-0.0002983400689240487,26.944735771000524
1250,10000.0,101,101,0.05,241,10201,224,0.00013278104577121256,7.960473054272385e-05,0.00013278104577121256,10874.484553654573,9997.764028313131,2.5757502191767752e-05,3.9889422283555776e-08,7.894456650735256e-10,0.2575750219176775,0.00039889422283555774,14.568063323000388
1250,20000.0,51,51,0.00625,1921,2601,224,0.0002934073453912845,0.00016220121501878492,0.0002934073453912845,22429.760022493865,19995.904508844025,5.503989730202594e-05,7.306298961740988e-08,1.641028549508817e-09,1.1007979460405188,0.0014612597923481976,18.92825341900061
1250,20000.0,51,51,0.0125,961,2601,224,0.00028867502106401366,0.00016263235677749352,0.00028867502106401366,22296.85134190301,19999.26580844786,5.459333610903617e-05,1.3097874613976274e-08,1.6288865572076696e-09,1.0918667221807234,0.00026195749227952547,9.577491189999819
1250,20000.0,51,51,0.025,481,2601,224,0.00028050983024104385,0.00016184121153561923,0.00028050983024104385,22082.53277542437,19996.23177947904,5.3713559676401414e-05,6.722452724996638e-08,1.6150506096169121e-09,1.0742711935280282,0.0013444905449993276,5.104305159999967
1250,20000.0,51,51,0.05,241,2601,224,0.0002672741772805476,0.00016034087309265134,0.0002672741772805476,21759.680476022917,19992.549130176965,5.200693359935852e-05,1.3292247594423904e-07,1.6013505893545712e-09,1.0401386719871704,0.002658449518884781,2.784307619000174
1250,20000.0,101,101,0.00625,1921,10201,224,0.0002911442892237475,0.0001609353449390601,0.0002911442892237475,22417.69615062857,20019.963546294457,5.4533299021548944e-05,-3.561468749744161e-07,1.6185889666069114e-09,1.0906659804309788,-0.0071229374994883216,101.08417167700009
1250,20000.0,101,101,0.0125,961,10201,224,0.00028664422607167463,0.00016141822897872406,0.00028664422607167463,22283.578214539706,20012.90856391757,5.408884552849255e-05,-2.3028697568811818e-07,1.6063161553658988e-09,1.0817769105698511,-0.004605739513762364,51.64517236000029
1250,20000.0,101,101,0.025,481,10201,224,0.0002786488801532846,0.0001606921360990679,0.0002786488801532846,22069.98305199623,20003.34464581506,5.321329344858059e-05,-5.966801378480974e-08,1.592537632050263e-09,1.0642658689716118,-0.001193360275696195,26.92853234100039
1250,20000.0,101,101,0.05,241,10201,224,0.0002655620915424251,0.0001592094610854477,0.0002655620915424251,21748.969107309145,19995.528056626263,5.1515004383535504e-05,7.977884456711155e-08,1.5788913301470513e-09,1.03030008767071,0.001595576891342231,14.593147933999717
1500,5000.0,51,51,0.00625,1921,2601,224,7.850268839836377e-05,4.426983451583241e-05,7.850268839836377e-05,5360.3960793335755,5009.981444845003,1.4789355820531392e-05,-3.69240935113894e-07,4.443067762260662e-10,0.07394677910265696,-0.00184620467556947,18.69741745200008
1500,5000.0,51,51,0.0125,961,2601,224,7.725967950219515e-05,4.376119423386944e-05,7.725967950219515e-05,5341.731773784971,5008.301003554001,1.4662914178420748e-05,-3.0707681727508074e-07,4.3470084594069254e-10,0.07331457089210373,-0.0015353840863754037,9.573095660000035
1500,5000.0,51,51,0.025,481,2601,224,7.501257402230521e-05,4.2549247280909035e-05,7.501257402230521e-05,5311.16745248022,5004.3531863188755,1.4415563425689772e-05,-1.610362640076785e-07,4.219209177122094e-10,0.07207781712844887,-0.0008051813200383926,5.06323464200068
1500,5000.0,51,51,0.05,241,2601,224,7.128972357334388e-05,4.101968525730021e-05,7.128972357334388e-05,5263.945236186733,5000.027695953664,1.3931280299269566e-05,-1.0245490623152348e-09,4.084299796398614e-10,0.06965640149634783,-5.122745311576174e-06,2.8569282320004277
1500,5000.0,101,101,0.00625,1921,10201,224,7.786419472889436e-05,4.3808460320587865e-05,7.786419472889436e-05,5357.771524871702,5017.556582179294,1.4642916344505071e-05,-6.494659763324711e-07,4.3735918956300357e-10,0.07321458172252536,-0.0032473298816623557,101.04083233600068
1500,5000.0,101,101,0.0125,961,10201,224,7.666678421274189e-05,4.3342045859662414e-05,7.666678421274189e-05,5339.004650210939,5013.54350179394,1.4517765292898666e-05,-5.010111606813168e-07,4.279446758971147e-10,0.07258882646449333,-0.002505055803406584,51.75082518700037
1500,5000.0,101,101,0.025,481,10201,224,7.447573112711041e-05,4.2189337977215996e-05,7.447573112711041e-05,5308.4300222996835,5007.52062331736,1.4270273073194464e-05,-2.782084186557336e-07,4.155692813854611e-10,0.07135136536597232,-0.001391042093278668,26.924888384999576
1500,5000.0,101,101,0.05,241,10201,224,7.078868602687986e-05,4.071194331709175e-05,7.078868602687986e-05,5261.734915536686,5001.420129280069,1.379199890863122e-05,-5.253446484806076e-08,4.0255378232755044e-10,0.0689599945431561,-0.0002626723242403038,14.698147551000147
1500,10000.0,51,51,0.00625,1921,2601,224,0.00015700537679672755,8.853966903166483e-05,0.00015700537679672755,10720.792158667151,10019.962889690007,2.9578711641062783e-05,-7.38481870227788e-07,8.886135524521324e-10,0.2957871164106278,-0.00738481870227788,18.650685135999083
1500,10000.0,51,51,0.0125,961,2601,224,0.0001545193590043903,8.752238846773889e-05,0.0001545193590043903,10683.463547569942,10016.602007108002,2.9325828356841495e-05,-6.141536345501615e-07,8.694016918813851e-10,0.29325828356841493,-0.006141536345501615,9.575937952000459
1500,10000.0,51,51,0.025,481,2601,224,0.00015002514804461043,8.509849456181807e-05,0.00015002514804461043,10622.33490496044,10008.706372637751,2.8831126851379545e-05,-3.22072528015357e-07,8.438418354244188e-10,0.28831126851379546,-0.0032207252801535703,5.069481596001424
1500,10000.0,51,51,0.05,241,2601,224,0.00014257944714668775,8.203937051460042e-05,0.00014257944714668775,10527.890472373467,10000.055391907328,2.7862560598539133e-05,-2.0490981246304696e-09,8.168599592797228e-10,0.2786256059853913,-2.0490981246304695e-05,2.8449868820007396
1500,10000.0,101,101,0.00625,1921,10201,224,0.00015572838945778872,8.761692064117573e-05,0.00015572838945778872,10715.543049743404,10035.113164358589,2.9285832689010143e-05,-1.2989319526649423e-06,8.747183791260071e-10,0.29285832689010144,-0.012989319526649423,101.16812271799972
1500,10000.0,101,101,0.0125,961,10201,224,0.00015333356842548378,8.668409171932483e-05,0.00015333356842548378,10678.009300421878,10027.08700358788,2.9035530585797333e-05,-1.0020223213626335e-06,8.558893517942294e-10,0.2903553058579733,-0.010020223213626335,51.6857716780014
1500,10000.0,101,101,0.025,481,10201,224,0.00014895146225422083,8.437867595443199e-05,0.00014895146225422083,10616.860044599367,10015.04124663472,2.8540546146388928e-05,-5.564168373114672e-07,8.311385627709222e-10,0.2854054614638893,-0.005564168373114672,26.81063971599906
1500,10000.0,101,101,0.05,241,10201,224,0.00014157737205375973,8.14238866341835e-05,0.00014157737205375973,10523.469831073371,10002.840258560138,2.758399781726244e-05,-1.0506892969612151e-07,8.051075646551009e-10,0.2758399781726244,-0.0010506892969612152,14.457930497999769
1500,20000.0,51,51,0.00625,1921,2601,224,0.0003140107535934551,0.00017707933806332965,0.0003140107535934551,21441.584317334302,20039.925779380013,5.915742328212557e-05,-1.476963740455576e-06,1.7772271049042647e-09,1.1831484656425113,-0.02953927480911152,18.59194228100023
1500,20000.0,51,51,0.0125,961,2601,224,0.0003090387180087806,0.00017504477693547777,0.0003090387180087806,21366.927095139883,20033.204014216004,5.865165671368299e-05,-1.228307269100323e-06,1.7388033837627702e-09,1.1730331342736597,-0.02456614538200646,9.563013140999828
1500,20000.0,51,51,0.025,481,2601,224,0.00030005029608922085,0.00017019698912363614,0.00030005029608922085,21244.66980992088,20017.412745275502,5.766225370275909e-05,-6.44145056030714e-07,1.6876836708488376e-09,1.1532450740551818,-0.012882901120614281,5.020388513999933
1500,20000.0,51,51,0.05,241,2601,224,0.0002851588942933755,0.00016407874102920085,0.0002851588942933755,21055.780944746934,20000.110783814656,5.5725121197078265e-05,-4.098196249260939e-09,1.6337199185594456e-09,1.1145024239415653,-8.196392498521878e-05,2.865501943999334
1500,20000.0,101,101,0.00625,1921,10201,224,0.00031145677891557743,0.00017523384128235146,0.00031145677891557743,21431.08609948681,20070.226328717177,5.8571665378020285e-05,-2.5978639053298846e-06,1.7494367582520143e-09,1.1714333075604058,-0.05195727810659769,101.51536700600082
1500,20000.0,101,101,0.0125,961,10201,224,0.00030666713685096757,0.00017336818343864966,0.00030666713685096757,21356.018600843756,20054.17400717576,5.8071061171594666e-05,-2.004044642725267e-06,1.7117787035884589e-09,1.1614212234318932,-0.04008089285450534,51.83811265700024
1500,20000.0,101,101,0.025,481,10201,224,0.00029790292450844165,0.00016875735190886398,0.00029790292450844165,21233.720089198734,20030.08249326944,5.7081092292777856e-05,-1.1128336746229344e-06,1.6622771255418443e-09,1.1416218458555571,-0.02225667349245869,27.022908806999112
1500,20000.0,101,101,0.05,241,10201,224,0.00028315474410751945,0.000162847773268367,0.00028315474410751945,21046.939662146742,20005.680517120276,5.516799563452488e-05,-2.1013785939224303e-07,1.6102151293102017e-09,1.1033599126904976,-0.004202757187844861,14.61885454000003
1750,5000.0,51,51,0.00625,1921,2601,224,8.093411117184145e-05,4.83765898348807e-05,8.093411117184145e-05,5212.966014010666,5012.976955169538,1.527531405415137e-05,-8.89357544704784e-07,4.806938314383185e-10,0.07637657027075685,-0.00444678772352392,18.637099923998903
1750,5000.0,51,51,0.0125,961,2601,224,7.966038468700212e-05,4.7125385768852863e-05,7.966038468700212e-05,5202.166547356322,5010.728372625546,1.5143688702230545e-05,-7.352540724811552e-07,4.640590378676726e-10,0.07571844351115273,-0.003676270362405776,9.604051074000381
1750,5000.0,51,51,0.025,481,2601,224,7.731823469763513e-05,4.477991321483606e-05,7.731823469763513e-05,5184.379427056948,5006.326445588979,1.4884141527236128e-05,-4.3357413522641286e-07,4.412268147507311e-10,0.07442070763618064,-0.002167870676132064,5.0589008040005865
1750,5000.0,51,51,0.05,241,2601,224,7.33971157549314e-05,4.2009589831373566e-05,7.33971157549314e-05,5156.599772340151,5001.339285547241,1.4364244970713136e-05,-9.178606923734322e-08,4.1699149389956323e-10,0.07182122485356568,-0.0004589303461867161,2.8548258330010867
1750,5000.0,101,101,0.00625,1921,10201,224,8.026128280695958e-05,4.770343230126868e-05,8.026128280695958e-05,5211.207567195697,5019.587967936307,1.5119393697514516e-05,-1.342434095017927e-06,4.717530430073644e-10,0.07559696848757258,-0.006712170475089635,101.2401096249996
1750,5000.0,101,101,0.0125,961,10201,224,7.90329124042358e-05,4.653179280269431e-05,7.90329124042358e-05,5200.339382118615,5015.534277509902,1.4988495607955183e-05,-1.0646200687086732e-06,4.5562793323861743e-10,0.07494247803977591,-0.0053231003435433655,51.943613593999544
1750,5000.0,101,101,0.025,481,10201,224,7.674196157836362e-05,4.430267291400788e-05,7.674196157836362e-05,5182.561534007925,5009.303885605332,1.4730400817993873e-05,-6.376288389734804e-07,4.3373676594599255e-10,0.07365200408996937,-0.003188144194867402,26.836696776999815
1750,5000.0,101,101,0.05,241,10201,224,7.286010650727185e-05,4.1652675364770585e-05,7.286010650727185e-05,5155.138245791768,5002.646113979126,1.4217124069451608e-05,-1.8134773534027114e-07,4.1063275092600663e-10,0.07108562034725804,-0.0009067386767013557,14.520603934000974
1750,10000.0,51,51,0.00625,1921,2601,224,0.0001618682223436829,9.67531796697614e-05,0.0001618682223436829,10425.932028021332,10025.953910339076,3.055062810830274e-05,-1.778715089409568e-06,9.61387662876637e-10,0.3055062810830274,-0.01778715089409568,18.55434599
1750,10000.0,51,51,0.0125,961,2601,224,0.00015932076937400424,9.425077153770573e-05,0.00015932076937400424,10404.333094712643,10021.456745251093,3.028737740446109e-05,-1.4705081449623104e-06,9.281180757353452e-10,0.3028737740446109,-0.014705081449623104,9.533302729998468
1750,10000.0,51,51,0.025,481,2601,224,0.00015463646939527025,8.955982642967212e-05,0.00015463646939527025,10368.758854113896,10012.652891177959,2.9768283054472256e-05,-8.671482704528257e-07,8.824536295014622e-10,0.29768283054472255,-0.008671482704528256,5.01520206799978
1750,10000.0,51,51,0.05,241,2601,224,0.0001467942315098628,8.401917966274713e-05,0.0001467942315098628,10313.199544680301,10002.678571094482,2.8728489941426273e-05,-1.8357213847468644e-07,8.339829877991265e-10,0.2872848994142627,-0.0018357213847468644,2.8435026280003513
1750,10000.0,101,101,0.00625,1921,10201,224,0.00016052256561391916,9.540686460253737e-05,0.00016052256561391916,10422.415134391395,10039.175935872614,3.023878739502903e-05,-2.684868190035854e-06,9.435060860147287e-10,0.3023878739502903,-0.02684868190035854,100.62907079999968
1750,10000.0,101,101,0.0125,961,10201,224,0.0001580658248084716,9.306358560538862e-05,0.0001580658248084716,10400.67876423723,10031.068555019803,2.9976991215910365e-05,-2.1292401374173464e-06,9.112558664772349e-10,0.29976991215910365,-0.021292401374173462,51.4916745190003
1750,10000.0,101,101,0.025,481,10201,224,0.00015348392315672724,8.860534582801576e-05,0.00015348392315672724,10365.12306801585,10018.607771210663,2.9460801635987746e-05,-1.2752576779469608e-06,8.674735318919851e-10,0.2946080163598775,-0.012752576779469608,26.75808739599961
1750,10000.0,101,101,0.05,241,10201,224,0.0001457202130145437,8.330535072954117e-05,0.0001457202130145437,10310.276491583536,10005.292227958253,2.8434248138903216e-05,-3.626954706805423e-07,8.212655018520133e-10,0.2843424813890322,-0.0036269547068054227,14.463387841999065
1750,20000.0,51,51,0.00625,1921,2601,224,0.0003237364446873658,0.0001935063593395228,0.0003237364446873658,20851.864056042665,20051.907820678152,6.110125621660548e-05,-3.557430178819136e-06,1.922775325753274e-09,1.2220251243321096,-0.07114860357638272,18.50626600800024
1750,20000.0,51,51,0.0125,961,2601,224,0.0003186415387480085,0.00018850154307541145,0.0003186415387480085,20808.666189425287,20042.913490502186,6.057475480892218e-05,-2.9410162899246207e-06,1.8562361514706903e-09,1.2114950961784436,-0.05882032579849242,9.551549000001614
1750,20000.0,51,51,0.025,481,2601,224,0.0003092729387905405,0.00017911965285934424,0.0003092729387905405,20737.51770822779,20025.305782355917,5.953656610894451e-05,-1.7342965409056514e-06,1.7649072590029244e-09,1.1907313221788902,-0.034685930818113025,5.143426272999932
1750,20000.0,51,51,0.05,241,2601,224,0.0002935884630197256,0.00016803835932549426,0.0002935884630197256,20626.399089360602,20005.357142188965,5.7456979882852546e-05,-3.671442769493729e-07,1.667965975598253e-09,1.1491395976570509,-0.0073428855389874575,2.7455216770013067
1750,20000.0,101,101,0.00625,1921,10201,224,0.00032104513122783833,0.00019081372920507473,0.00032104513122783833,20844.83026878279,20078.351871745228,6.047757479005806e-05,-5.369736380071708e-06,1.8870121720294575e-09,1.2095514958011613,-0.10739472760143416,101.43284121500074
1750,20000.0,101,101,0.0125,961,10201,224,0.0003161316496169432,0.00018612717121077723,0.0003161316496169432,20801.35752847446,20062.137110039606,5.995398243182073e-05,-4.258480274834693e-06,1.8225117329544697e-09,1.1990796486364146,-0.08516960549669385,51.44436730399866
1750,20000.0,101,101,0.025,481,10201,224,0.0003069678463134545,0.0001772106916560315,0.0003069678463134545,20730.2461360317,20037.215542421327,5.892160327197549e-05,-2.5505153558939216e-06,1.7349470637839702e-09,1.17843206543951,-0.051010307117878434,26.84293888100001
1750,20000.0,101,101,0.05,241,10201,224,0.0002914404260290874,0.00016661070145908234,0.0002914404260290874,20620.552983167072,20010.584455916505,5.686849627780643e-05,-7.253909413610846e-07,1.6425310037040265e-09,1.1373699255561287,-0.014507818827221691,14.477795216000231
